trial,testing,parameters,initial_deadline,final_deadline,net_reward,actions,success
1,False,"{'a': 0.5, 'e': 0.99}",30,0,-9.139140108824053,"{0: 22, 1: 8, 2: 0, 3: 0, 4: 0}",0
2,False,"{'a': 0.5, 'e': 0.9801}",20,0,-4.067608037401952,"{0: 16, 1: 3, 2: 1, 3: 0, 4: 0}",0
3,False,"{'a': 0.5, 'e': 0.970299}",25,0,-3.0748327231828405,"{0: 20, 1: 5, 2: 0, 3: 0, 4: 0}",0
4,False,"{'a': 0.5, 'e': 0.96059601}",35,0,12.386360803925179,"{0: 30, 1: 5, 2: 0, 3: 0, 4: 0}",0
5,False,"{'a': 0.5, 'e': 0.9509900498999999}",20,0,11.401627688255715,"{0: 17, 1: 3, 2: 0, 3: 0, 4: 0}",0
6,False,"{'a': 0.5, 'e': 0.941480149401}",25,5,19.743148483250867,"{0: 19, 1: 1, 2: 0, 3: 0, 4: 0}",1
7,False,"{'a': 0.5, 'e': 0.9320653479069899}",20,0,-32.61569906021842,"{0: 16, 1: 2, 2: 1, 3: 0, 4: 1}",0
8,False,"{'a': 0.5, 'e': 0.9227446944279201}",20,0,6.046227943483348,"{0: 17, 1: 3, 2: 0, 3: 0, 4: 0}",0
9,False,"{'a': 0.5, 'e': 0.9135172474836408}",20,0,-25.779161703700797,"{0: 17, 1: 2, 2: 0, 3: 0, 4: 1}",0
10,False,"{'a': 0.5, 'e': 0.9043820750088044}",20,6,9.71192816724858,"{0: 12, 1: 2, 2: 0, 3: 0, 4: 0}",1
11,False,"{'a': 0.5, 'e': 0.8953382542587164}",30,0,-62.35075612151529,"{0: 20, 1: 9, 2: 0, 3: 0, 4: 1}",0
12,False,"{'a': 0.5, 'e': 0.8863848717161292}",25,0,-43.19403097281294,"{0: 18, 1: 4, 2: 1, 3: 2, 4: 0}",0
13,False,"{'a': 0.5, 'e': 0.8775210229989678}",20,0,26.20851703937807,"{0: 20, 1: 0, 2: 0, 3: 0, 4: 0}",0
14,False,"{'a': 0.5, 'e': 0.8687458127689782}",25,0,-4.98249384361918,"{0: 22, 1: 0, 2: 3, 3: 0, 4: 0}",0
15,False,"{'a': 0.5, 'e': 0.8600583546412884}",25,8,-8.142727575425244,"{0: 14, 1: 2, 2: 0, 3: 1, 4: 0}",1
16,False,"{'a': 0.5, 'e': 0.8514577710948755}",25,0,19.23717152371657,"{0: 24, 1: 0, 2: 1, 3: 0, 4: 0}",0
17,False,"{'a': 0.5, 'e': 0.8429431933839268}",20,1,-19.422809037805642,"{0: 15, 1: 2, 2: 1, 3: 1, 4: 0}",1
18,False,"{'a': 0.5, 'e': 0.8345137614500875}",20,0,14.912005337796902,"{0: 19, 1: 0, 2: 1, 3: 0, 4: 0}",0
19,False,"{'a': 0.5, 'e': 0.8261686238355866}",20,0,15.315378801849656,"{0: 19, 1: 0, 2: 1, 3: 0, 4: 0}",0
20,False,"{'a': 0.5, 'e': 0.8179069375972308}",20,0,-41.58960899649817,"{0: 17, 1: 1, 2: 0, 3: 1, 4: 1}",0
21,False,"{'a': 0.5, 'e': 0.8097278682212584}",30,8,4.238928678055399,"{0: 18, 1: 3, 2: 1, 3: 0, 4: 0}",1
22,False,"{'a': 0.5, 'e': 0.8016305895390459}",20,3,-5.180242195033589,"{0: 14, 1: 1, 2: 2, 3: 0, 4: 0}",1
23,False,"{'a': 0.5, 'e': 0.7936142836436554}",20,5,16.688277414447565,"{0: 14, 1: 1, 2: 0, 3: 0, 4: 0}",1
24,False,"{'a': 0.5, 'e': 0.7856781408072188}",25,1,-77.23010172481247,"{0: 16, 1: 4, 2: 2, 3: 1, 4: 1}",1
25,False,"{'a': 0.5, 'e': 0.7778213593991467}",25,3,-2.7033117037659187,"{0: 18, 1: 2, 2: 2, 3: 0, 4: 0}",1
26,False,"{'a': 0.5, 'e': 0.7700431458051551}",30,13,18.03593977806979,"{0: 15, 1: 2, 2: 0, 3: 0, 4: 0}",1
27,False,"{'a': 0.5, 'e': 0.7623427143471035}",35,10,15.8931401289445,"{0: 22, 1: 2, 2: 1, 3: 0, 4: 0}",1
28,False,"{'a': 0.5, 'e': 0.7547192872036326}",20,0,1.649843336581627,"{0: 17, 1: 1, 2: 2, 3: 0, 4: 0}",0
29,False,"{'a': 0.5, 'e': 0.7471720943315961}",20,0,8.052948009008832,"{0: 18, 1: 0, 2: 2, 3: 0, 4: 0}",0
30,False,"{'a': 0.5, 'e': 0.7397003733882802}",25,0,4.736866830964415,"{0: 22, 1: 1, 2: 2, 3: 0, 4: 0}",1
31,False,"{'a': 0.5, 'e': 0.7323033696543975}",20,13,6.804628971982636,"{0: 6, 1: 1, 2: 0, 3: 0, 4: 0}",1
32,False,"{'a': 0.5, 'e': 0.7249803359578534}",20,0,15.299323662015297,"{0: 18, 1: 2, 2: 0, 3: 0, 4: 0}",0
33,False,"{'a': 0.5, 'e': 0.7177305325982749}",20,0,-15.691982839355695,"{0: 18, 1: 1, 2: 0, 3: 0, 4: 1}",0
34,False,"{'a': 0.5, 'e': 0.7105532272722921}",20,0,10.091539328004908,"{0: 17, 1: 3, 2: 0, 3: 0, 4: 0}",0
35,False,"{'a': 0.5, 'e': 0.7034476949995692}",20,0,4.394872335018532,"{0: 18, 1: 1, 2: 1, 3: 0, 4: 0}",1
36,False,"{'a': 0.5, 'e': 0.6964132180495735}",25,7,11.273747760704598,"{0: 16, 1: 0, 2: 2, 3: 0, 4: 0}",1
37,False,"{'a': 0.5, 'e': 0.6894490858690777}",25,6,32.89457563150643,"{0: 18, 1: 1, 2: 0, 3: 0, 4: 0}",1
38,False,"{'a': 0.5, 'e': 0.682554595010387}",20,7,-27.746723402198256,"{0: 11, 1: 1, 2: 0, 3: 0, 4: 1}",1
39,False,"{'a': 0.5, 'e': 0.6757290490602831}",30,4,23.073420449701715,"{0: 24, 1: 1, 2: 1, 3: 0, 4: 0}",1
40,False,"{'a': 0.5, 'e': 0.6689717585696803}",25,0,-83.85595903455561,"{0: 20, 1: 1, 2: 1, 3: 1, 4: 2}",0
41,False,"{'a': 0.5, 'e': 0.6622820409839835}",25,0,8.9565596675831,"{0: 22, 1: 2, 2: 1, 3: 0, 4: 0}",0
42,False,"{'a': 0.5, 'e': 0.6556592205741436}",35,0,-41.82610980632156,"{0: 29, 1: 2, 2: 3, 3: 0, 4: 1}",0
43,False,"{'a': 0.5, 'e': 0.6491026283684022}",20,0,-103.73738391279718,"{0: 14, 1: 1, 2: 2, 3: 1, 4: 2}",0
44,False,"{'a': 0.5, 'e': 0.6426116020847181}",25,0,-9.025090451046978,"{0: 22, 1: 0, 2: 2, 3: 1, 4: 0}",0
45,False,"{'a': 0.5, 'e': 0.6361854860638709}",30,0,-5.847787914514207,"{0: 26, 1: 2, 2: 1, 3: 1, 4: 0}",0
46,False,"{'a': 0.5, 'e': 0.6298236312032323}",25,0,-26.923518041832892,"{0: 22, 1: 1, 2: 1, 3: 0, 4: 1}",0
47,False,"{'a': 0.5, 'e': 0.6235253948912}",20,0,-7.632729323928478,"{0: 17, 1: 1, 2: 2, 3: 0, 4: 0}",0
48,False,"{'a': 0.5, 'e': 0.617290140942288}",25,0,-46.12676854706794,"{0: 23, 1: 0, 2: 0, 3: 0, 4: 2}",0
49,False,"{'a': 0.5, 'e': 0.611117239532865}",20,0,-28.34353739827022,"{0: 17, 1: 2, 2: 0, 3: 0, 4: 1}",0
50,False,"{'a': 0.5, 'e': 0.6050060671375364}",25,7,-10.691041077098651,"{0: 17, 1: 0, 2: 0, 3: 0, 4: 1}",1
51,False,"{'a': 0.5, 'e': 0.598956006466161}",25,3,-71.54115736120694,"{0: 18, 1: 0, 2: 2, 3: 0, 4: 2}",1
52,False,"{'a': 0.5, 'e': 0.5929664464014994}",25,0,-45.630283621677016,"{0: 19, 1: 2, 2: 3, 3: 0, 4: 1}",0
53,False,"{'a': 0.5, 'e': 0.5870367819374844}",20,3,27.341924730064342,"{0: 17, 1: 0, 2: 0, 3: 0, 4: 0}",1
54,False,"{'a': 0.5, 'e': 0.5811664141181095}",20,0,-36.57788557973705,"{0: 16, 1: 2, 2: 1, 3: 0, 4: 1}",0
55,False,"{'a': 0.5, 'e': 0.5753547499769285}",25,0,-19.10753215453498,"{0: 21, 1: 0, 2: 3, 3: 1, 4: 0}",0
56,False,"{'a': 0.5, 'e': 0.5696012024771592}",20,8,-13.084940808968168,"{0: 9, 1: 1, 2: 2, 3: 0, 4: 0}",1
57,False,"{'a': 0.5, 'e': 0.5639051904523875}",20,2,-7.675354675474544,"{0: 14, 1: 3, 2: 1, 3: 0, 4: 0}",1
58,False,"{'a': 0.5, 'e': 0.5582661385478637}",20,10,-43.36942479845057,"{0: 8, 1: 0, 2: 0, 3: 1, 4: 1}",1
59,False,"{'a': 0.5, 'e': 0.5526834771623851}",30,10,-20.21650002530805,"{0: 14, 1: 3, 2: 3, 3: 0, 4: 0}",1
60,False,"{'a': 0.5, 'e': 0.5471566423907612}",25,3,-43.286178105258124,"{0: 17, 1: 2, 2: 2, 3: 0, 4: 1}",1
61,False,"{'a': 0.5, 'e': 0.5416850759668536}",20,0,-18.556869726747852,"{0: 15, 1: 1, 2: 4, 3: 0, 4: 0}",0
62,False,"{'a': 0.5, 'e': 0.536268225207185}",20,13,14.025461696315721,"{0: 7, 1: 0, 2: 0, 3: 0, 4: 0}",1
63,False,"{'a': 0.5, 'e': 0.5309055429551132}",20,9,9.264139435021503,"{0: 10, 1: 1, 2: 0, 3: 0, 4: 0}",1
64,False,"{'a': 0.5, 'e': 0.525596487525562}",20,0,-36.085949000990055,"{0: 17, 1: 0, 2: 2, 3: 0, 4: 1}",0
65,False,"{'a': 0.5, 'e': 0.5203405226503064}",20,0,-21.133521665848193,"{0: 16, 1: 1, 2: 2, 3: 1, 4: 0}",0
66,False,"{'a': 0.5, 'e': 0.5151371174238033}",25,0,-12.698678306140614,"{0: 19, 1: 3, 2: 3, 3: 0, 4: 0}",0
67,False,"{'a': 0.5, 'e': 0.5099857462495653}",20,0,0.41357651281644003,"{0: 17, 1: 2, 2: 1, 3: 0, 4: 0}",0
68,False,"{'a': 0.5, 'e': 0.5048858887870696}",20,0,-141.28616674021518,"{0: 12, 1: 2, 2: 3, 3: 0, 4: 3}",0
69,False,"{'a': 0.5, 'e': 0.4998370298991989}",20,0,-21.607735523576483,"{0: 15, 1: 1, 2: 4, 3: 0, 4: 0}",0
70,False,"{'a': 0.5, 'e': 0.49483865960020695}",25,15,16.40515484690031,"{0: 10, 1: 0, 2: 0, 3: 0, 4: 0}",1
71,False,"{'a': 0.5, 'e': 0.4898902730042049}",20,12,-30.80282332678675,"{0: 5, 1: 0, 2: 2, 3: 1, 4: 0}",1
72,False,"{'a': 0.5, 'e': 0.48499137027416284}",25,0,-91.10438586277324,"{0: 20, 1: 1, 2: 1, 3: 1, 4: 2}",0
73,False,"{'a': 0.5, 'e': 0.4801414565714212}",20,0,-30.348834579031486,"{0: 14, 1: 3, 2: 3, 3: 0, 4: 0}",0
74,False,"{'a': 0.5, 'e': 0.47534004200570695}",25,5,-74.27104842275442,"{0: 15, 1: 0, 2: 2, 3: 2, 4: 1}",1
75,False,"{'a': 0.5, 'e': 0.4705866415856499}",30,0,-6.284804411859064,"{0: 25, 1: 2, 2: 3, 3: 0, 4: 0}",0
76,False,"{'a': 0.5, 'e': 0.46588077516979337}",30,0,-122.92176288440679,"{0: 21, 1: 3, 2: 3, 3: 1, 4: 2}",0
77,False,"{'a': 0.5, 'e': 0.46122196741809546}",25,7,-57.97929297196587,"{0: 13, 1: 1, 2: 3, 3: 0, 4: 1}",1
78,False,"{'a': 0.5, 'e': 0.4566097477439145}",30,0,-45.013164207665646,"{0: 26, 1: 0, 2: 2, 3: 1, 4: 1}",0
79,False,"{'a': 0.5, 'e': 0.45204365026647536}",20,12,-23.129857018702946,"{0: 5, 1: 0, 2: 3, 3: 0, 4: 0}",1
80,False,"{'a': 0.5, 'e': 0.4475232137638106}",20,0,11.561409120013153,"{0: 18, 1: 1, 2: 1, 3: 0, 4: 0}",0
81,False,"{'a': 0.5, 'e': 0.4430479816261725}",20,0,-45.56684819623547,"{0: 16, 1: 0, 2: 3, 3: 0, 4: 1}",0
82,False,"{'a': 0.5, 'e': 0.43861750180991077}",20,0,-84.09709103401674,"{0: 15, 1: 1, 2: 2, 3: 0, 4: 2}",0
83,False,"{'a': 0.5, 'e': 0.43423132679181164}",20,0,-62.789873538892685,"{0: 16, 1: 0, 2: 2, 3: 1, 4: 1}",0
84,False,"{'a': 0.5, 'e': 0.4298890135238935}",30,0,-72.01646140430721,"{0: 25, 1: 1, 2: 2, 3: 0, 4: 2}",0
85,False,"{'a': 0.5, 'e': 0.4255901233886546}",20,2,-51.59958418961204,"{0: 13, 1: 1, 2: 3, 3: 0, 4: 1}",1
86,False,"{'a': 0.5, 'e': 0.421334222154768}",20,6,-7.89322926229355,"{0: 11, 1: 1, 2: 2, 3: 0, 4: 0}",1
87,False,"{'a': 0.5, 'e': 0.41712087993322033}",30,0,-134.2628327706687,"{0: 17, 1: 6, 2: 5, 3: 0, 4: 2}",0
88,False,"{'a': 0.5, 'e': 0.41294967113388814}",25,0,-150.3723838149447,"{0: 18, 1: 0, 2: 3, 3: 1, 4: 3}",0
89,False,"{'a': 0.5, 'e': 0.40882017442254925}",25,0,-92.19581825329806,"{0: 20, 1: 0, 2: 2, 3: 1, 4: 2}",0
90,False,"{'a': 0.5, 'e': 0.4047319726783238}",20,12,-45.538803695974515,"{0: 5, 1: 1, 2: 1, 3: 0, 4: 1}",1
91,False,"{'a': 0.5, 'e': 0.40068465295154054}",35,10,-27.287989728302367,"{0: 20, 1: 1, 2: 3, 3: 1, 4: 0}",1
92,False,"{'a': 0.5, 'e': 0.3966778064220251}",20,14,-31.176970946463186,"{0: 5, 1: 0, 2: 0, 3: 0, 4: 1}",1
93,False,"{'a': 0.5, 'e': 0.39271102835780486}",25,6,2.12131165775451,"{0: 16, 1: 2, 2: 1, 3: 0, 4: 0}",1
94,False,"{'a': 0.5, 'e': 0.3887839180742268}",20,0,20.649822737776137,"{0: 19, 1: 1, 2: 0, 3: 0, 4: 0}",0
95,False,"{'a': 0.5, 'e': 0.38489607889348454}",20,0,-36.86637267026876,"{0: 15, 1: 1, 2: 3, 3: 1, 4: 0}",0
96,False,"{'a': 0.5, 'e': 0.38104711810454966}",20,0,-10.049343327441122,"{0: 16, 1: 1, 2: 3, 3: 0, 4: 0}",0
97,False,"{'a': 0.5, 'e': 0.37723664692350417}",35,17,-28.418183435895394,"{0: 13, 1: 2, 2: 2, 3: 1, 4: 0}",1
98,False,"{'a': 0.5, 'e': 0.37346428045426916}",25,0,-2.7206820193633945,"{0: 22, 1: 1, 2: 2, 3: 0, 4: 0}",0
99,False,"{'a': 0.5, 'e': 0.36972963764972644}",25,0,-51.71134284478789,"{0: 21, 1: 1, 2: 1, 3: 1, 4: 1}",0
100,False,"{'a': 0.5, 'e': 0.3660323412732292}",30,22,-0.5463297849140616,"{0: 6, 1: 2, 2: 0, 3: 0, 4: 0}",1
101,False,"{'a': 0.5, 'e': 0.3623720178604969}",20,0,-50.147448992836516,"{0: 13, 1: 0, 2: 7, 3: 0, 4: 0}",0
102,False,"{'a': 0.5, 'e': 0.3587482976818919}",25,0,-131.32583239296338,"{0: 19, 1: 1, 2: 1, 3: 1, 4: 3}",0
103,False,"{'a': 0.5, 'e': 0.355160814705073}",30,0,-94.2088109633915,"{0: 24, 1: 0, 2: 4, 3: 0, 4: 2}",0
104,False,"{'a': 0.5, 'e': 0.35160920655802225}",25,0,-205.1546310881879,"{0: 12, 1: 2, 2: 7, 3: 1, 4: 3}",0
105,False,"{'a': 0.5, 'e': 0.348093114492442}",30,12,14.141386533401048,"{0: 16, 1: 2, 2: 0, 3: 0, 4: 0}",1
106,False,"{'a': 0.5, 'e': 0.3446121833475176}",20,0,-38.73793015830409,"{0: 13, 1: 3, 2: 4, 3: 0, 4: 0}",0
107,False,"{'a': 0.5, 'e': 0.34116606151404244}",20,6,-23.42636029552317,"{0: 10, 1: 2, 2: 1, 3: 1, 4: 0}",1
108,False,"{'a': 0.5, 'e': 0.337754400898902}",20,0,-23.929846575847428,"{0: 17, 1: 0, 2: 1, 3: 2, 4: 0}",0
109,False,"{'a': 0.5, 'e': 0.334376856889913}",30,5,-97.50718254404316,"{0: 19, 1: 0, 2: 4, 3: 0, 4: 2}",1
110,False,"{'a': 0.5, 'e': 0.33103308832101386}",20,3,-61.420188993088935,"{0: 12, 1: 0, 2: 4, 3: 0, 4: 1}",1
111,False,"{'a': 0.5, 'e': 0.3277227574378037}",20,0,-100.78753929400234,"{0: 13, 1: 0, 2: 4, 3: 2, 4: 1}",1
112,False,"{'a': 0.5, 'e': 0.3244455298634257}",25,0,-42.641161335095774,"{0: 20, 1: 2, 2: 2, 3: 0, 4: 1}",0
113,False,"{'a': 0.5, 'e': 0.3212010745647914}",25,8,-13.746408654254967,"{0: 13, 1: 1, 2: 3, 3: 0, 4: 0}",1
114,False,"{'a': 0.5, 'e': 0.3179890638191435}",20,0,-66.34878804599954,"{0: 15, 1: 1, 2: 2, 3: 1, 4: 1}",0
115,False,"{'a': 0.5, 'e': 0.31480917318095203}",20,0,-59.096409657498405,"{0: 17, 1: 1, 2: 0, 3: 0, 4: 2}",0
116,False,"{'a': 0.5, 'e': 0.3116610814491425}",25,0,-73.32364595883378,"{0: 18, 1: 1, 2: 5, 3: 0, 4: 1}",0
117,False,"{'a': 0.5, 'e': 0.30854447063465107}",25,2,-61.19252849001443,"{0: 20, 1: 0, 2: 1, 3: 0, 4: 2}",1
118,False,"{'a': 0.5, 'e': 0.3054590259283046}",20,0,-83.96562743826763,"{0: 12, 1: 3, 2: 4, 3: 0, 4: 1}",0
119,False,"{'a': 0.5, 'e': 0.30240443566902153}",20,0,-66.60051925165943,"{0: 16, 1: 0, 2: 1, 3: 2, 4: 1}",0
120,False,"{'a': 0.5, 'e': 0.2993803913123313}",25,0,-46.94346795260894,"{0: 21, 1: 0, 2: 3, 3: 0, 4: 1}",0
121,False,"{'a': 0.5, 'e': 0.296386587399208}",25,0,-149.3073037741649,"{0: 14, 1: 5, 2: 3, 3: 0, 4: 3}",0
122,False,"{'a': 0.5, 'e': 0.2934227215252159}",20,0,-45.159498726025,"{0: 17, 1: 0, 2: 1, 3: 1, 4: 1}",0
123,False,"{'a': 0.5, 'e': 0.29048849430996376}",20,0,-109.33858163542553,"{0: 11, 1: 1, 2: 6, 3: 1, 4: 1}",0
124,False,"{'a': 0.5, 'e': 0.2875836093668641}",20,0,-33.84717778869709,"{0: 17, 1: 1, 2: 1, 3: 0, 4: 1}",0
125,False,"{'a': 0.5, 'e': 0.28470777327319546}",20,10,-55.83505031505912,"{0: 6, 1: 1, 2: 2, 3: 0, 4: 1}",1
126,False,"{'a': 0.5, 'e': 0.2818606955404635}",20,10,-20.779101386538002,"{0: 7, 1: 0, 2: 3, 3: 0, 4: 0}",1
127,False,"{'a': 0.5, 'e': 0.27904208858505886}",20,0,-35.22048654810235,"{0: 14, 1: 1, 2: 5, 3: 0, 4: 0}",0
128,False,"{'a': 0.5, 'e': 0.2762516676992083}",25,0,-15.03694973872157,"{0: 20, 1: 2, 2: 3, 3: 0, 4: 0}",0
129,False,"{'a': 0.5, 'e': 0.2734891510222162}",30,16,-0.5988364328497744,"{0: 12, 1: 0, 2: 2, 3: 0, 4: 0}",1
130,False,"{'a': 0.5, 'e': 0.27075425951199406}",25,0,-44.398454392602815,"{0: 17, 1: 3, 2: 5, 3: 0, 4: 0}",0
131,False,"{'a': 0.5, 'e': 0.2680467169168741}",30,18,-26.409912208291445,"{0: 8, 1: 0, 2: 4, 3: 0, 4: 0}",1
132,False,"{'a': 0.5, 'e': 0.26536624974770534}",25,3,-59.67913904456627,"{0: 16, 1: 1, 2: 4, 3: 0, 4: 1}",1
133,False,"{'a': 0.5, 'e': 0.2627125872502283}",25,0,-111.10860012171881,"{0: 16, 1: 2, 2: 4, 3: 2, 4: 1}",0
134,False,"{'a': 0.5, 'e': 0.26008546137772603}",20,0,-127.04296527767666,"{0: 11, 1: 1, 2: 6, 3: 0, 4: 2}",0
135,False,"{'a': 0.5, 'e': 0.25748460676394874}",20,9,-59.07195237779653,"{0: 7, 1: 0, 2: 3, 3: 0, 4: 1}",1
136,False,"{'a': 0.5, 'e': 0.2549097606963093}",20,0,6.742478092099598,"{0: 19, 1: 0, 2: 1, 3: 0, 4: 0}",0
137,False,"{'a': 0.5, 'e': 0.2523606630893462}",20,0,-17.785784928308203,"{0: 15, 1: 3, 2: 2, 3: 0, 4: 0}",0
138,False,"{'a': 0.5, 'e': 0.2498370564584527}",25,0,-26.72933805556289,"{0: 21, 1: 3, 2: 0, 3: 0, 4: 1}",0
139,False,"{'a': 0.5, 'e': 0.24733868589386818}",30,0,-101.59686173192685,"{0: 18, 1: 4, 2: 6, 3: 2, 4: 0}",0
140,False,"{'a': 0.5, 'e': 0.24486529903492948}",35,0,-50.611441939928376,"{0: 29, 1: 2, 2: 2, 3: 1, 4: 1}",1
141,False,"{'a': 0.5, 'e': 0.2424166460445802}",20,0,2.467375740808953,"{0: 17, 1: 2, 2: 1, 3: 0, 4: 0}",0
142,False,"{'a': 0.5, 'e': 0.2399924795841344}",20,0,-182.4482700649465,"{0: 9, 1: 2, 2: 6, 3: 0, 4: 3}",0
143,False,"{'a': 0.5, 'e': 0.23759255478829303}",25,17,5.228433475247613,"{0: 7, 1: 1, 2: 0, 3: 0, 4: 0}",1
144,False,"{'a': 0.5, 'e': 0.23521662924041012}",20,0,-26.274365875364957,"{0: 15, 1: 3, 2: 1, 3: 1, 4: 0}",0
145,False,"{'a': 0.5, 'e': 0.232864462948006}",30,0,-107.66698242869784,"{0: 21, 1: 3, 2: 4, 3: 0, 4: 2}",0
146,False,"{'a': 0.5, 'e': 0.23053581831852593}",20,0,-40.591003851294694,"{0: 15, 1: 1, 2: 3, 3: 1, 4: 0}",0
147,False,"{'a': 0.5, 'e': 0.22823046013534068}",25,0,-107.75108980081272,"{0: 15, 1: 2, 2: 6, 3: 1, 4: 1}",0
148,False,"{'a': 0.5, 'e': 0.22594815553398728}",25,0,-94.35667191467165,"{0: 16, 1: 0, 2: 8, 3: 0, 4: 1}",0
149,False,"{'a': 0.5, 'e': 0.2236886739786474}",25,0,-139.24352823134996,"{0: 13, 1: 3, 2: 6, 3: 2, 4: 1}",0
150,False,"{'a': 0.5, 'e': 0.22145178723886091}",20,5,-127.3713082181094,"{0: 7, 1: 0, 2: 6, 3: 0, 4: 2}",1
151,False,"{'a': 0.5, 'e': 0.2192372693664723}",20,0,-128.0029758406265,"{0: 11, 1: 3, 2: 3, 3: 1, 4: 2}",0
152,False,"{'a': 0.5, 'e': 0.21704489667280757}",20,0,-105.66168342719,"{0: 11, 1: 5, 2: 1, 3: 2, 4: 1}",0
153,False,"{'a': 0.5, 'e': 0.2148744477060795}",30,0,-59.4746399051556,"{0: 20, 1: 4, 2: 5, 3: 1, 4: 0}",0
154,False,"{'a': 0.5, 'e': 0.2127257032290187}",30,13,-144.1290141342196,"{0: 8, 1: 3, 2: 2, 3: 2, 4: 2}",1
155,False,"{'a': 0.5, 'e': 0.21059844619672852}",30,0,-57.32810578401439,"{0: 25, 1: 0, 2: 3, 3: 1, 4: 1}",0
156,False,"{'a': 0.5, 'e': 0.20849246173476124}",30,0,-110.90235650475981,"{0: 18, 1: 3, 2: 8, 3: 0, 4: 1}",0
157,False,"{'a': 0.5, 'e': 0.2064075371174136}",20,0,-50.337543562239965,"{0: 11, 1: 6, 2: 2, 3: 1, 4: 0}",0
158,False,"{'a': 0.5, 'e': 0.2043434617462395}",25,14,-2.77482654854217,"{0: 9, 1: 1, 2: 1, 3: 0, 4: 0}",1
159,False,"{'a': 0.5, 'e': 0.2023000271287771}",20,0,-114.55372279972845,"{0: 13, 1: 2, 2: 2, 3: 1, 4: 2}",0
160,False,"{'a': 0.5, 'e': 0.2002770268574893}",20,0,-107.43774603089197,"{0: 10, 1: 4, 2: 4, 3: 1, 4: 1}",0
161,False,"{'a': 0.5, 'e': 0.19827425658891443}",25,6,-97.30674611361925,"{0: 13, 1: 1, 2: 3, 3: 0, 4: 2}",1
162,False,"{'a': 0.5, 'e': 0.19629151402302528}",25,0,-73.20471478183035,"{0: 18, 1: 0, 2: 6, 3: 0, 4: 1}",0
163,False,"{'a': 0.5, 'e': 0.19432859888279502}",25,0,-129.5099003148717,"{0: 17, 1: 1, 2: 4, 3: 1, 4: 2}",1
164,False,"{'a': 0.5, 'e': 0.19238531289396707}",25,2,-41.86719215224153,"{0: 16, 1: 1, 2: 6, 3: 0, 4: 0}",1
165,False,"{'a': 0.5, 'e': 0.1904614597650274}",20,0,-43.7166718942905,"{0: 13, 1: 2, 2: 5, 3: 0, 4: 0}",0
166,False,"{'a': 0.5, 'e': 0.1885568451673771}",25,0,-73.78685348145494,"{0: 18, 1: 3, 2: 2, 3: 1, 4: 1}",0
167,False,"{'a': 0.5, 'e': 0.18667127671570335}",20,0,-40.588466338094534,"{0: 14, 1: 0, 2: 6, 3: 0, 4: 0}",0
168,False,"{'a': 0.5, 'e': 0.1848045639485463}",25,8,-5.381576784483957,"{0: 14, 1: 1, 2: 2, 3: 0, 4: 0}",1
169,False,"{'a': 0.5, 'e': 0.18295651830906084}",25,0,-168.55927685772164,"{0: 15, 1: 1, 2: 6, 3: 0, 4: 3}",0
170,False,"{'a': 0.5, 'e': 0.18112695312597024}",25,0,-182.9502657253399,"{0: 14, 1: 2, 2: 5, 3: 1, 4: 3}",0
171,False,"{'a': 0.5, 'e': 0.17931568359471053}",20,0,-53.879399453332525,"{0: 13, 1: 0, 2: 7, 3: 0, 4: 0}",0
172,False,"{'a': 0.5, 'e': 0.17752252675876343}",20,0,-42.04655094184289,"{0: 17, 1: 1, 2: 0, 3: 1, 4: 1}",0
173,False,"{'a': 0.5, 'e': 0.1757473014911758}",20,4,-67.19835533557324,"{0: 10, 1: 2, 2: 3, 3: 0, 4: 1}",1
174,False,"{'a': 0.5, 'e': 0.173989828476264}",25,0,-186.35151672966265,"{0: 14, 1: 4, 2: 3, 3: 0, 4: 4}",0
175,False,"{'a': 0.5, 'e': 0.1722499301915014}",20,0,-124.72293157825095,"{0: 13, 1: 0, 2: 4, 3: 1, 4: 2}",0
176,False,"{'a': 0.5, 'e': 0.17052743088958636}",20,0,-129.18462642908887,"{0: 14, 1: 0, 2: 3, 3: 0, 4: 3}",0
177,False,"{'a': 0.5, 'e': 0.1688221565806905}",25,0,-128.88392293236518,"{0: 19, 1: 2, 2: 0, 3: 1, 4: 3}",0
178,False,"{'a': 0.5, 'e': 0.1671339350148836}",30,0,-43.67772544353784,"{0: 24, 1: 4, 2: 0, 3: 1, 4: 1}",0
179,False,"{'a': 0.5, 'e': 0.16546259566473476}",30,0,-195.16927727408958,"{0: 17, 1: 2, 2: 5, 3: 4, 4: 2}",0
180,False,"{'a': 0.5, 'e': 0.16380796970808742}",20,0,-76.88873697970793,"{0: 15, 1: 1, 2: 1, 3: 2, 4: 1}",0
181,False,"{'a': 0.5, 'e': 0.16216989001100654}",25,0,-79.0777286046483,"{0: 18, 1: 3, 2: 1, 3: 2, 4: 1}",0
182,False,"{'a': 0.5, 'e': 0.16054819111089647}",25,0,-108.57297038433734,"{0: 16, 1: 1, 2: 6, 3: 1, 4: 1}",0
183,False,"{'a': 0.5, 'e': 0.1589427091997875}",30,0,-129.18528445540525,"{0: 14, 1: 8, 2: 5, 3: 3, 4: 0}",0
184,False,"{'a': 0.5, 'e': 0.15735328210778962}",25,0,-130.28832748539375,"{0: 13, 1: 1, 2: 10, 3: 0, 4: 1}",0
185,False,"{'a': 0.5, 'e': 0.15577974928671173}",30,0,-132.37666743995962,"{0: 23, 1: 1, 2: 2, 3: 1, 4: 3}",0
186,False,"{'a': 0.5, 'e': 0.1542219517938446}",25,0,-170.17822916501876,"{0: 15, 1: 0, 2: 7, 3: 0, 4: 3}",0
187,False,"{'a': 0.5, 'e': 0.15267973227590617}",30,0,-101.04955150784009,"{0: 19, 1: 3, 2: 7, 3: 0, 4: 1}",0
188,False,"{'a': 0.5, 'e': 0.1511529349531471}",20,0,-13.57327661796889,"{0: 15, 1: 2, 2: 3, 3: 0, 4: 0}",0
189,False,"{'a': 0.5, 'e': 0.14964140560361563}",20,0,-94.67107451608209,"{0: 10, 1: 2, 2: 6, 3: 2, 4: 0}",0
190,False,"{'a': 0.5, 'e': 0.14814499154757946}",25,0,-50.440220902552376,"{0: 19, 1: 1, 2: 3, 3: 2, 4: 0}",0
191,False,"{'a': 0.5, 'e': 0.14666354163210368}",20,8,-90.48554155906284,"{0: 7, 1: 1, 2: 2, 3: 0, 4: 2}",1
192,False,"{'a': 0.5, 'e': 0.14519690621578263}",25,0,-60.99441475446017,"{0: 18, 1: 1, 2: 4, 3: 2, 4: 0}",0
193,False,"{'a': 0.5, 'e': 0.1437449371536248}",25,2,-124.51504940598326,"{0: 15, 1: 0, 2: 5, 3: 1, 4: 2}",1
194,False,"{'a': 0.5, 'e': 0.14230748778208857}",20,0,-37.49896906536194,"{0: 14, 1: 0, 2: 6, 3: 0, 4: 0}",1
195,False,"{'a': 0.5, 'e': 0.14088441290426768}",25,0,-91.9964064896467,"{0: 16, 1: 1, 2: 7, 3: 0, 4: 1}",0
196,False,"{'a': 0.5, 'e': 0.139475568775225}",25,0,-61.02674140518748,"{0: 20, 1: 0, 2: 4, 3: 0, 4: 1}",0
197,False,"{'a': 0.5, 'e': 0.13808081308747275}",20,13,1.770888462153858,"{0: 6, 1: 1, 2: 0, 3: 0, 4: 0}",1
198,False,"{'a': 0.5, 'e': 0.136700004956598}",30,0,-115.48279555186184,"{0: 17, 1: 4, 2: 6, 3: 3, 4: 0}",0
199,False,"{'a': 0.5, 'e': 0.13533300490703204}",25,0,-116.5478236949651,"{0: 13, 1: 4, 2: 7, 3: 0, 4: 1}",0
200,False,"{'a': 0.5, 'e': 0.13397967485796172}",20,0,-105.62416331100515,"{0: 11, 1: 4, 2: 2, 3: 2, 4: 1}",0
201,False,"{'a': 0.5, 'e': 0.1326398781093821}",20,0,-63.388602283713446,"{0: 12, 1: 4, 2: 2, 3: 2, 4: 0}",0
202,False,"{'a': 0.5, 'e': 0.13131347932828827}",20,0,-96.93039832577392,"{0: 11, 1: 2, 2: 6, 3: 0, 4: 1}",0
203,False,"{'a': 0.5, 'e': 0.1300003445350054}",20,0,-37.324706397220716,"{0: 17, 1: 1, 2: 1, 3: 0, 4: 1}",1
204,False,"{'a': 0.5, 'e': 0.12870034108965533}",25,0,-382.8149713353016,"{0: 10, 1: 0, 2: 5, 3: 3, 4: 7}",0
205,False,"{'a': 0.5, 'e': 0.1274133376787588}",25,0,-180.43925772384537,"{0: 12, 1: 2, 2: 7, 3: 2, 4: 2}",0
206,False,"{'a': 0.5, 'e': 0.12613920430197118}",30,3,-67.99915669210762,"{0: 20, 1: 3, 2: 2, 3: 1, 4: 1}",1
207,False,"{'a': 0.5, 'e': 0.12487781225895148}",25,0,-104.59126054225783,"{0: 16, 1: 2, 2: 5, 3: 1, 4: 1}",0
208,False,"{'a': 0.5, 'e': 0.12362903413636196}",30,0,-113.63844157229542,"{0: 18, 1: 2, 2: 8, 3: 2, 4: 0}",0
209,False,"{'a': 0.5, 'e': 0.12239274379499834}",20,0,-105.27429035121628,"{0: 11, 1: 0, 2: 6, 3: 3, 4: 0}",0
210,False,"{'a': 0.5, 'e': 0.12116881635704835}",25,0,-143.49617042082775,"{0: 13, 1: 3, 2: 5, 3: 3, 4: 1}",0
211,False,"{'a': 0.5, 'e': 0.11995712819347787}",20,4,-60.72130225711624,"{0: 11, 1: 1, 2: 3, 3: 0, 4: 1}",1
212,False,"{'a': 0.5, 'e': 0.11875755691154309}",25,0,-116.49895580083793,"{0: 16, 1: 1, 2: 5, 3: 2, 4: 1}",0
213,False,"{'a': 0.5, 'e': 0.11756998134242766}",20,0,-75.89861026551856,"{0: 12, 1: 4, 2: 3, 3: 0, 4: 1}",0
214,False,"{'a': 0.5, 'e': 0.11639428152900338}",25,0,-151.06878052347543,"{0: 11, 1: 3, 2: 9, 3: 1, 4: 1}",0
215,False,"{'a': 0.5, 'e': 0.11523033871371334}",30,0,-229.97143169561673,"{0: 18, 1: 0, 2: 7, 3: 1, 4: 4}",0
216,False,"{'a': 0.5, 'e': 0.1140780353265762}",25,0,-41.12719090194466,"{0: 17, 1: 2, 2: 6, 3: 0, 4: 0}",0
217,False,"{'a': 0.5, 'e': 0.11293725497331045}",30,0,-186.00535540845115,"{0: 15, 1: 3, 2: 9, 3: 1, 4: 2}",0
218,False,"{'a': 0.5, 'e': 0.11180788242357734}",25,0,-74.72334503853624,"{0: 19, 1: 2, 2: 1, 3: 2, 4: 1}",0
219,False,"{'a': 0.5, 'e': 0.11068980359934157}",20,4,-24.42933820839161,"{0: 11, 1: 2, 2: 3, 3: 0, 4: 0}",1
220,False,"{'a': 0.5, 'e': 0.10958290556334815}",25,0,-180.8740109116723,"{0: 14, 1: 0, 2: 8, 3: 0, 4: 3}",0
221,False,"{'a': 0.5, 'e': 0.10848707650771466}",30,0,-195.08046067520684,"{0: 17, 1: 1, 2: 7, 3: 3, 4: 2}",0
222,False,"{'a': 0.5, 'e': 0.10740220574263752}",20,0,-70.22933685083056,"{0: 15, 1: 0, 2: 3, 3: 1, 4: 1}",0
223,False,"{'a': 0.5, 'e': 0.10632818368521114}",25,6,-76.58126128777236,"{0: 14, 1: 2, 2: 1, 3: 0, 4: 2}",1
224,False,"{'a': 0.5, 'e': 0.10526490184835903}",30,0,-158.48898082491115,"{0: 18, 1: 4, 2: 4, 3: 2, 4: 2}",1
225,False,"{'a': 0.5, 'e': 0.10421225282987544}",20,0,-136.15058970220625,"{0: 13, 1: 0, 2: 3, 3: 2, 4: 2}",0
226,False,"{'a': 0.5, 'e': 0.10317013030157669}",25,0,-89.26033136123502,"{0: 15, 1: 3, 2: 6, 3: 0, 4: 1}",0
227,False,"{'a': 0.5, 'e': 0.10213842899856092}",20,0,-64.25399488664499,"{0: 15, 1: 0, 2: 4, 3: 0, 4: 1}",0
228,False,"{'a': 0.5, 'e': 0.10111704470857531}",20,0,-109.93848129273069,"{0: 13, 1: 0, 2: 5, 3: 0, 4: 2}",0
229,False,"{'a': 0.5, 'e': 0.10010587426148955}",30,0,-204.74986343873752,"{0: 16, 1: 3, 2: 7, 3: 1, 4: 3}",0
230,False,"{'a': 0.5, 'e': 0.09910481551887466}",25,0,-108.43814936270715,"{0: 15, 1: 1, 2: 8, 3: 0, 4: 1}",0
231,False,"{'a': 0.5, 'e': 0.0981137673636859}",20,0,-53.610147590237744,"{0: 16, 1: 0, 2: 3, 3: 0, 4: 1}",0
232,False,"{'a': 0.5, 'e': 0.09713262969004904}",20,0,-72.9858509506254,"{0: 15, 1: 0, 2: 1, 3: 4, 4: 0}",0
233,False,"{'a': 0.5, 'e': 0.09616130339314856}",20,0,-179.27372055771534,"{0: 10, 1: 4, 2: 1, 3: 2, 4: 3}",0
234,False,"{'a': 0.5, 'e': 0.09519969035921708}",20,0,-72.88884906530878,"{0: 13, 1: 3, 2: 2, 3: 1, 4: 1}",0
235,False,"{'a': 0.5, 'e': 0.0942476934556249}",20,0,-57.38851219363238,"{0: 16, 1: 0, 2: 2, 3: 1, 4: 1}",0
236,False,"{'a': 0.5, 'e': 0.09330521652106866}",25,0,-99.00120543186873,"{0: 19, 1: 0, 2: 4, 3: 0, 4: 2}",0
237,False,"{'a': 0.5, 'e': 0.09237216435585796}",20,0,-119.50404808530809,"{0: 10, 1: 2, 2: 6, 3: 1, 4: 1}",0
238,False,"{'a': 0.5, 'e': 0.09144844271229938}",20,0,-68.1431965673216,"{0: 16, 1: 0, 2: 1, 3: 2, 4: 1}",0
239,False,"{'a': 0.5, 'e': 0.0905339582851764}",20,0,-150.10565444472687,"{0: 12, 1: 1, 2: 4, 3: 0, 4: 3}",0
240,False,"{'a': 0.5, 'e': 0.08962861870232462}",20,0,-41.027890472876734,"{0: 16, 1: 2, 2: 1, 3: 0, 4: 1}",0
241,False,"{'a': 0.5, 'e': 0.08873233251530138}",20,0,-123.59566423075287,"{0: 10, 1: 4, 2: 4, 3: 0, 4: 2}",0
242,False,"{'a': 0.5, 'e': 0.08784500919014836}",25,0,-158.6344640972669,"{0: 10, 1: 4, 2: 9, 3: 1, 4: 1}",0
243,False,"{'a': 0.5, 'e': 0.08696655909824688}",20,0,-238.57133439492623,"{0: 8, 1: 2, 2: 4, 3: 2, 4: 4}",0
244,False,"{'a': 0.5, 'e': 0.0860968935072644}",20,0,-102.63355763044544,"{0: 12, 1: 2, 2: 3, 3: 2, 4: 1}",0
245,False,"{'a': 0.5, 'e': 0.08523592457219176}",20,0,-29.971016299146246,"{0: 18, 1: 0, 2: 1, 3: 0, 4: 1}",0
246,False,"{'a': 0.5, 'e': 0.08438356532646984}",20,0,-71.28832684891995,"{0: 14, 1: 3, 2: 1, 3: 1, 4: 1}",0
247,False,"{'a': 0.5, 'e': 0.08353972967320515}",20,0,-61.5309215947982,"{0: 13, 1: 1, 2: 5, 3: 1, 4: 0}",0
248,False,"{'a': 0.5, 'e': 0.0827043323764731}",25,0,-187.28211093844223,"{0: 15, 1: 0, 2: 5, 3: 2, 4: 3}",0
249,False,"{'a': 0.5, 'e': 0.08187728905270836}",30,0,-124.67488105072933,"{0: 21, 1: 0, 2: 7, 3: 0, 4: 2}",0
250,False,"{'a': 0.5, 'e': 0.08105851616218128}",20,0,-111.72321069738904,"{0: 13, 1: 1, 2: 4, 3: 0, 4: 2}",0
251,False,"{'a': 0.5, 'e': 0.08024793100055946}",25,0,-140.09599257833182,"{0: 18, 1: 0, 2: 4, 3: 0, 4: 3}",1
252,False,"{'a': 0.5, 'e': 0.07944545169055386}",25,0,-93.89016454854693,"{0: 14, 1: 5, 2: 5, 3: 0, 4: 1}",0
253,False,"{'a': 0.5, 'e': 0.07865099717364833}",30,0,-77.80165532524937,"{0: 21, 1: 5, 2: 2, 3: 1, 4: 1}",0
254,False,"{'a': 0.5, 'e': 0.07786448720191184}",20,0,-30.812619370476074,"{0: 15, 1: 0, 2: 5, 3: 0, 4: 0}",0
255,False,"{'a': 0.5, 'e': 0.07708584232989273}",25,0,-69.473596081974,"{0: 21, 1: 1, 2: 1, 3: 0, 4: 2}",0
256,False,"{'a': 0.5, 'e': 0.0763149839065938}",20,0,-53.342219497763196,"{0: 13, 1: 2, 2: 4, 3: 1, 4: 0}",0
257,False,"{'a': 0.5, 'e': 0.07555183406752786}",20,8,-48.16091492568496,"{0: 7, 1: 1, 2: 3, 3: 1, 4: 0}",1
258,False,"{'a': 0.5, 'e': 0.07479631572685258}",20,0,-84.03938379748942,"{0: 13, 1: 1, 2: 5, 3: 0, 4: 1}",0
259,False,"{'a': 0.5, 'e': 0.07404835256958406}",20,6,-44.40456835877837,"{0: 11, 1: 0, 2: 2, 3: 0, 4: 1}",1
260,False,"{'a': 0.5, 'e': 0.07330786904388821}",20,3,-47.00825714608123,"{0: 12, 1: 0, 2: 4, 3: 1, 4: 0}",1
261,False,"{'a': 0.5, 'e': 0.07257479035344933}",20,0,-105.43402091226459,"{0: 13, 1: 3, 2: 1, 3: 1, 4: 2}",0
262,False,"{'a': 0.5, 'e': 0.07184904244991483}",25,0,-49.46433434720798,"{0: 17, 1: 3, 2: 5, 3: 0, 4: 0}",0
263,False,"{'a': 0.5, 'e': 0.07113055202541568}",20,0,1.9855588271687061,"{0: 17, 1: 1, 2: 2, 3: 0, 4: 0}",0
264,False,"{'a': 0.5, 'e': 0.07041924650516153}",30,0,-179.0588528344532,"{0: 17, 1: 5, 2: 5, 3: 0, 4: 3}",0
265,False,"{'a': 0.5, 'e': 0.06971505404010991}",25,0,-207.46010684048906,"{0: 11, 1: 1, 2: 8, 3: 3, 4: 2}",0
266,False,"{'a': 0.5, 'e': 0.06901790349970881}",35,0,-188.37309896477566,"{0: 22, 1: 2, 2: 7, 3: 1, 4: 3}",0
267,False,"{'a': 0.5, 'e': 0.06832772446471172}",25,0,-141.03115346291344,"{0: 17, 1: 2, 2: 3, 3: 0, 4: 3}",0
268,False,"{'a': 0.5, 'e': 0.0676444472200646}",25,0,-30.361700028523433,"{0: 18, 1: 3, 2: 4, 3: 0, 4: 0}",0
269,False,"{'a': 0.5, 'e': 0.06696800274786396}",25,0,-111.99176361833455,"{0: 15, 1: 2, 2: 6, 3: 1, 4: 1}",0
270,False,"{'a': 0.5, 'e': 0.06629832272038531}",20,0,-119.86709091105179,"{0: 11, 1: 2, 2: 4, 3: 2, 4: 1}",0
271,False,"{'a': 0.5, 'e': 0.06563533949318147}",25,0,-91.3843435375838,"{0: 15, 1: 1, 2: 7, 3: 2, 4: 0}",0
272,False,"{'a': 0.5, 'e': 0.06497898609824965}",20,0,-57.68823232720031,"{0: 14, 1: 1, 2: 3, 3: 2, 4: 0}",0
273,False,"{'a': 0.5, 'e': 0.06432919623726716}",20,0,-63.920089030589,"{0: 13, 1: 2, 2: 3, 3: 2, 4: 0}",0
274,False,"{'a': 0.5, 'e': 0.06368590427489448}",35,0,-114.8508706163792,"{0: 24, 1: 4, 2: 4, 3: 2, 4: 1}",0
275,False,"{'a': 0.5, 'e': 0.06304904523214554}",30,14,-2.9386769210320143,"{0: 15, 1: 0, 2: 0, 3: 1, 4: 0}",1
276,False,"{'a': 0.5, 'e': 0.06241855477982408}",20,0,-65.43225895692723,"{0: 10, 1: 4, 2: 6, 3: 0, 4: 0}",0
277,False,"{'a': 0.5, 'e': 0.06179436923202584}",25,0,-77.66909956400208,"{0: 18, 1: 1, 2: 5, 3: 0, 4: 1}",0
278,False,"{'a': 0.5, 'e': 0.06117642553970558}",25,0,-115.22933905658435,"{0: 15, 1: 0, 2: 7, 3: 3, 4: 0}",0
279,False,"{'a': 0.5, 'e': 0.06056466128430853}",20,0,-127.39011434384138,"{0: 12, 1: 2, 2: 3, 3: 1, 4: 2}",0
280,False,"{'a': 0.5, 'e': 0.05995901467146544}",20,0,-150.66259396292702,"{0: 11, 1: 1, 2: 4, 3: 2, 4: 2}",0
281,False,"{'a': 0.5, 'e': 0.059359424524750785}",25,6,-48.85502359280275,"{0: 13, 1: 0, 2: 5, 3: 1, 4: 0}",1
282,False,"{'a': 0.5, 'e': 0.05876583027950327}",20,0,-75.86692816481406,"{0: 11, 1: 0, 2: 9, 3: 0, 4: 0}",0
283,False,"{'a': 0.5, 'e': 0.05817817197670824}",20,0,-248.74355263399167,"{0: 7, 1: 1, 2: 7, 3: 1, 4: 4}",0
284,False,"{'a': 0.5, 'e': 0.05759639025694116}",20,1,-27.628422841079765,"{0: 14, 1: 1, 2: 4, 3: 0, 4: 0}",1
285,False,"{'a': 0.5, 'e': 0.057020426354371746}",30,0,-133.4656299527557,"{0: 18, 1: 2, 2: 7, 3: 2, 4: 1}",0
286,False,"{'a': 0.5, 'e': 0.05645022209082803}",20,0,-128.70997408653173,"{0: 13, 1: 0, 2: 4, 3: 1, 4: 2}",0
287,False,"{'a': 0.5, 'e': 0.05588571986991975}",25,0,-122.43615304294093,"{0: 15, 1: 4, 2: 4, 3: 0, 4: 2}",0
288,False,"{'a': 0.5, 'e': 0.05532686267122055}",20,0,-5.967362547983084,"{0: 17, 1: 1, 2: 2, 3: 0, 4: 0}",0
289,False,"{'a': 0.5, 'e': 0.05477359404450834}",25,0,-195.86551299098883,"{0: 13, 1: 2, 2: 6, 3: 1, 4: 3}",0
290,False,"{'a': 0.5, 'e': 0.05422585810406326}",20,3,-90.49764754472068,"{0: 12, 1: 0, 2: 3, 3: 0, 4: 2}",1
291,False,"{'a': 0.5, 'e': 0.05368359952302263}",20,0,-90.14756367755247,"{0: 12, 1: 3, 2: 3, 3: 1, 4: 1}",0
292,False,"{'a': 0.5, 'e': 0.0531467635277924}",20,6,-65.37958963534624,"{0: 10, 1: 0, 2: 2, 3: 1, 4: 1}",1
293,False,"{'a': 0.5, 'e': 0.05261529589251448}",20,0,-172.71431723119656,"{0: 11, 1: 1, 2: 4, 3: 1, 4: 3}",0
294,False,"{'a': 0.5, 'e': 0.05208914293358933}",30,0,-168.7470271440634,"{0: 16, 1: 4, 2: 7, 3: 1, 4: 2}",0
295,False,"{'a': 0.5, 'e': 0.05156825150425344}",20,0,-139.0332549682789,"{0: 11, 1: 0, 2: 7, 3: 0, 4: 2}",0
296,False,"{'a': 0.5, 'e': 0.0510525689892109}",25,0,-47.55562061454197,"{0: 18, 1: 2, 2: 4, 3: 1, 4: 0}",0
297,False,"{'a': 0.5, 'e': 0.050542043299318794}",25,0,-102.36868838081253,"{0: 16, 1: 2, 2: 5, 3: 1, 4: 1}",0
298,False,"{'a': 0.5, 'e': 0.050036622866325604}",20,9,-52.25845996523301,"{0: 5, 1: 1, 2: 4, 3: 1, 4: 0}",1
299,False,"{'a': 0.5, 'e': 0.04953625663766235}",20,0,-128.0752768440532,"{0: 11, 1: 2, 2: 5, 3: 0, 4: 2}",0
1,True,"{'a': 0.5, 'e': 0.0}",30,18,20.198762163450606,"{0: 12, 1: 0, 2: 0, 3: 0, 4: 0}",1
2,True,"{'a': 0.5, 'e': 0.0}",20,8,20.46970402941114,"{0: 12, 1: 0, 2: 0, 3: 0, 4: 0}",1
3,True,"{'a': 0.5, 'e': 0.0}",30,16,25.423521811582383,"{0: 14, 1: 0, 2: 0, 3: 0, 4: 0}",1
4,True,"{'a': 0.5, 'e': 0.0}",20,12,15.30182745701518,"{0: 8, 1: 0, 2: 0, 3: 0, 4: 0}",1
5,True,"{'a': 0.5, 'e': 0.0}",20,7,21.614732446739698,"{0: 13, 1: 0, 2: 0, 3: 0, 4: 0}",1
6,True,"{'a': 0.5, 'e': 0.0}",20,8,20.39004882102613,"{0: 12, 1: 0, 2: 0, 3: 0, 4: 0}",1
7,True,"{'a': 0.5, 'e': 0.0}",20,16,6.2103023114482285,"{0: 4, 1: 0, 2: 0, 3: 0, 4: 0}",1
8,True,"{'a': 0.5, 'e': 0.0}",35,13,33.568552859554764,"{0: 22, 1: 0, 2: 0, 3: 0, 4: 0}",1
9,True,"{'a': 0.5, 'e': 0.0}",25,18,7.084697928700702,"{0: 6, 1: 1, 2: 0, 3: 0, 4: 0}",1
10,True,"{'a': 0.5, 'e': 0.0}",25,7,32.478546292407096,"{0: 18, 1: 0, 2: 0, 3: 0, 4: 0}",1
